address,address2
800128cc,800129d8
8001296c,80012a78
800129dc,80012ae8
80012bd4,80012cd4
80012c4c,80012d4c
80012c4c,80072f1c
80012c4c,80072f54
80012c84,80012d84
80012cb4,80012db4
80012d5c,80012e5c
80012f6c,8001306c
80013278,80013360
800133cc,800134b4
800133f8,800134e0
80013444,8001352c
80013514,800135fc
800135fc,800136e4
800136fc,800137e4
800137b0,80013898
8001380c,800138f4
80013858,80013940
800138b0,80013998
800139ac,80013a94
80013a1c,80013b04
80013a80,80013b68
80013b40,80013c28
80013fb8,800140a0
8001404c,80014134
800140c0,800141a8
80014138,80014220
800141ac,80014294
80014220,80014308
800142a8,80014390
800142f4,800143dc
800143d0,800144b8
80014474,8001455c
80014974,80014a5c
80014a48,80014b30
80014b58,80014c40
80014d34,80014e1c
80014e04,80014eec
80014ebc,80014fa4
80014f28,80015010
80014f50,80015038
80014f90,80015078
80015054,8001513c
800150c8,800151b0
800150f0,800151d8
80015228,80015310
800153fc,800154e4
800155d0,800156b8
800155f4,800156dc
80015644,8001572c
80015698,80015780
80015788,80015870
800157d0,800158b8
800158b0,80015998
80015c30,80015d18
80015cd0,80015db8
80015d14,80015dfc
80015e0c,80015ef4
80016414,800164fc
8001669c,80016784
80016c1c,80016d04
80016c44,80016d2c
80016cf4,80016ddc
80016d88,80016e70
80016f24,8001700c
80016f4c,80017034
80016fe0,800170c8
80017048,80017130
800174fc,8001755c
80017540,800175a0
80017670,800176d0
800176a8,80017708
8001772c,8001778c
80017764,800177c4
8001785c,800178bc
80017d40,80017db4
80017dc8,80017e3c
80017e90,80017f04
80017f90,80018004
8001800c,80018080
800180dc,80018150
80018178,800181ec
800181e8,8001825c
80018594,80018608
80018918,8001898c
80018bc0,80018c34
80018c84,80018cf8
80018d40,80018db4
80018f78,80018fec
800193d8,8001944c
800194f0,80019564
80019594,80019608
80019994,80019a08
800199ec,80019a60
80019ab8,80019b2c
80019b2c,80019ba0
80019b5c,80019bd0
80019c54,80019cc8
80019ca4,80019d18
8001b058,8001b0cc
8001b6f0,8001b780
8001b71c,8001b7ac
8001b828,8001b8b8
8001b8a8,8001b938
8001ba60,8001baf0
8001bcb8,8001bd48
8001d19c,8001d240
8001d2a0,8001d344
8001d320,8001d3c4
8001d474,8001d518
8001d510,8001d5b4
8001d5cc,8001d670
8001ebcc,8001ec70
8001ec7c,8001ed20
8001eda0,8001ee44
8001ee78,8001ef1c
8001eed4,8001ef78
8001ef30,8001efd4
8001f02c,8001f0d0
8001f2c0,8001f364
8001f4b8,8001f55c
80020830,800208d4
800208e4,80020988
80020cac,80020d4c
80020e48,80020ee8
800214d0,80021558
80021510,80021598
80021788,80021810
8002180c,80021894
80022030,800220b8
8002226c,800222f4
80022590,80022618
800225ec,80022674
8002296c,800229f4
80022d0c,80022d94
80022e64,80022eec
80022f10,80022f98
80022f68,80022ff0
80023008,80023090
800230bc,80023144
80023404,8002348c
8002345c,800234e4
80023538,800235c0
80023c80,80023d08
80023f34,80023fbc
80024028,800240b0
80024178,80024200
80024300,80024388
8002436c,800243f4
80024518,800245a0
80024564,800245ec
8002467c,80024704
800246ac,80024734
8002479c,80024824
8002488c,80024914
800248cc,80024954
800248f4,8002497c
80024958,800249e0
80024b94,80024c1c
80024cac,80024d34
80024d40,80024dc8
80024f94,80025028
80025034,800250c8
800251c8,8002525c
800252f8,8002538c
80025568,800255fc
8002570c,800257a0
800258d8,8002596c
80025a94,80025b28
80025b58,80025bec
80025c9c,80025d30
80025e4c,80025ee0
80025ea8,80025f3c
8002603c,800260d0
80026198,8002622c
80026a78,80026b34
80026ae8,80026ba4
80026b50,80026c0c
80026bb0,80026c6c
80026c5c,80026d18
80026d0c,80026dc8
80026fa4,80027060
80027070,8002712c
8002716c,80027228
8002744c,80027508
800276d0,8002778c
800277e4,800278a0
80027900,800279bc
80027d3c,80027df8
80028164,80028220
800281c0,8002827c
8002822c,800282e8
80028254,80028310
80028860,8002892c
8002913c,80029108
8002957c,80029528
800295e4,80029590
80029988,80029934
8002a340,8002a2f4
8002a418,8002a3cc
8002a4f4,8002a4a8
8002a6ac,8002a660
8002a704,8002a6b8
8002a7d4,8002a788
8002aa0c,8002a9c0
8002ac00,8002abb4
8002baf4,8002bab4
8002bfd8,8002bf3c
8002c490,8002c400
8002c514,8002c484
8002c56c,8002c4dc
8002c5a8,8002c518
8002c600,8002c570
8002c628,8002c598
8002c65c,8002c5cc
8002c694,8002c604
8002c71c,8002c68c
8002c758,8002c6c8
8002c878,8002c7e8
8002c9c8,8002c938
8002ca44,8002c9b4
8002cbe0,8002cb50
8002cc10,8002cb80
8002cc84,8002cbf4
8002cd38,8002cca8
8002cd74,8002cce4
8002cdd8,8002cd48
8002ce1c,8002cd8c
8002ce98,8002ce08
8002cef4,8002ce64
8002cf78,8002cee8
8002d170,8002d0e0
8002d210,8002d180
8002d368,8002d2d8
8002d400,8002d370
8002d488,8002d3f8
8002d4e8,8002d458
8002d618,8002d588
8002d6bc,8002d62c
8002d714,8002d684
8002d7b0,8002d730
8002de1c,8002dd74
8002dfd8,8002df2c
8002e0b8,8002e00c
8002e10c,8002e060
8002e420,8002e370
8002e4ac,8002e3fc
8002e520,8002e470
8002e75c,8002e6b8
8002e9c0,8002e918
8002ea48,8002e9a0
8002eab4,8002ea0c
8002ebf0,8002eb48
8002ec20,8002eb78
8002ed1c,8002ec74
8002ee58,8002edb0
8002eec8,8002ee20
8002ef04,8002ee5c
8002f4b8,8002f440
8002f9cc,8002f968
8002fa38,8002f9d4
8002fa8c,8002fa28
8002fab8,8002fa54
8002fd78,8002fd10
8002ff40,8002fed8
8003003c,8002ffd4
800300d4,8003006c
80030130,800300c8
800302a0,80030250
800302e4,80030294
800308f0,800307b8
80030d0c,80030c10
80030dac,80030cb0
80030e58,80030d5c
8003103c,80030f40
8003109c,80030fa0
800310cc,80030fd0
80031454,800313e8
800315e0,80031574
8003175c,800316f0
80031fec,80031e04
80032044,80031e5c
800320cc,80031ee4
80032164,80031f7c
80032204,8003201c
800322a4,800320bc
800325b0,80032370
80032e48,80032b38
80032e70,80032b60
80032ee4,80032bd4
80032f58,80032c48
80033814,80033500
80033850,8003353c
80033a04,800336f0
80033bf8,800338e4
80033cac,80033998
80033ce4,800339d0
80033efc,80033be8
80033fd8,80033cc4
8003400c,80033cf8
800340c4,80033db0
80034b44,80034830
800358ac,80035598
800358dc,800355c8
80035994,80035680
800359b4,800356a0
80035a5c,80035748
80035afc,800357e8
80035bb4,800358a0
80035c10,800358fc
80035c60,8003594c
80035cc4,800359b0
80035dc4,80035ab8
80035f98,80035be4
8003604c,80035db8
80036c10,80036d3c
80036c44,80036d70
80036d04,80036f80
80036d90,8003700c
80036e94,80037110
80036f2c,800371a8
80037240,800374a8
8003728c,800374f4
8003733c,800375a4
80037414,8003767c
800374b4,8003771c
80037560,800377c8
80037614,8003787c
80037670,800378d8
80037724,8003798c
8003775c,800379c4
80037790,800379f8
800377f0,80037a58
800378d8,80037b40
80037a0c,80037c74
80037a78,80037ce0
80037ac4,80037d2c
80037b04,80037d6c
80037d94,80038024
80037de0,80038070
80037e04,80038094
80037e44,800380d4
80037e80,80038110
80037eb8,80038148
800380ec,80038334
8003826c,80038498
800382b8,800384e4
80038304,80038530
80038464,80038690
8003848c,800386b8
8003856c,80038798
800385d4,80038800
8003866c,80038898
800386ac,800388d8
80038884,80038ab0
8003894c,80038b4c
800389a8,80038ba8
80038b20,80038d2c
80038bac,80038db8
80038c84,80038e7c
80038cb8,80038eb0
80038f48,80039140
80038fec,800391e4
80039570,80039794
80039710,80039934
80039a6c,80039c94
8003a02c,80039e9c
8003a0d4,80039f44
8003a120,80039f90
8003a188,80039ff8
8003a1ac,8003a01c
8003a328,8003a198
8003a37c,8003a1ec
8003a5d0,8003a440
8003a6f0,8003a560
8003aab0,8003a920
8003aaec,8003a95c
8003ab20,8003a990
8003ac74,8003aae4
8003add8,8003ac48
8003aefc,8003ad6c
8003b1e4,8003b054
8003b508,8003b378
8003b69c,8003b50c
8003b804,8003b714
8003b8cc,8003b7e0
8003bab4,8003b9bc
8003bd3c,8003bc40
8003c1c4,8003c0c0
8003ca58,8003ca5c
8003cb78,8003cb7c
8003cbe4,8003cbe8
8003cca4,8003ccd8
8003cdc4,8003cdf8
8003ce40,8003ce74
8003ce84,8003ceb8
8003cee0,8003cf14
8003cf94,8003cfc8
8003d008,8003d03c
8003d0c0,8003d0f4
8003d140,8003d174
8003d254,8003d288
8003d284,8003d2b8
8003d2cc,8003d300
8003d300,8003d334
8003d438,8003d46c
8003d5dc,8003d614
8003da04,8003da40
8003e3c0,8003e46c
8003e3e4,8003e490
8003e760,8003e80c
8003efe4,8003eed0
8003f3c4,8003f2b0
8003f49c,8003f388
8003f830,8003f70c
8003f87c,8003f758
8003f8f8,8003f7d4
8003f934,8003f810
8003f9a0,8003f87c
8003f9f8,8003f8d4
8003fdfc,8003fcd8
8003fe38,8003fd14
8003ff38,8003fe14
8003ffa4,8003fe80
80040004,8003fee0
8004002c,8003ff08
80040058,8003ff34
8004007c,8003ff58
800400ac,8003ff88
80040120,8003fffc
80040150,8004002c
80040190,8004006c
800401d0,800400ac
80040330,8004020c
800403c4,800402a0
80040490,8004036c
800404b4,80040390
80040548,80040424
80040600,800404cc
80040644,80040510
800406bc,80040588
80040948,80040814
80040a04,800408d0
80040d2c,80040bf8
80040de0,80040cac
80040e48,80040d14
80040f0c,80040dd8
8004119c,80041068
80041474,80041340
80041570,8004143c
80041598,80041464
800415d0,8004149c
80041668,80041534
80041dbc,80041c8c
80041e90,80041d60
80041fac,80041e7c
800420c0,80041f90
800422b8,80042188
8004290c,800427dc
80042954,80042824
800429a4,80042874
800429d8,800428a8
80042a1c,800428ec
80042a90,80042960
80042b08,800429d8
80042bd4,80042aa4
80042c08,80042ad8
80042c38,80042b08
80042c70,80042b40
80042cf0,80042bc0
80042d38,80042c08
800432bc,8004318c
80043360,80043230
80043878,8004365c
80043ad4,800438b8
80044000,80043d48
80044058,80043da0
800440e8,80043e30
80044120,80043e68
80044174,80043ebc
800442f0,80044038
8004436c,800440b4
800443a8,800440f0
800443f4,8004413c
800446a4,800443ec
80044728,80044470
800447fc,80044544
80044850,80044598
800448c0,80044608
80044af0,80044838
80044f8c,80044cd4
80045000,80044d48
80045058,80044da0
80045078,80044dc0
80045148,80044e90
80045210,80044f58
800452b4,80044ffc
8004530c,80045054
800453cc,80045114
80045498,800451e0
800454c0,80045208
800455ec,80045334
80045714,8004545c
8004573c,80045484
800457cc,80045514
80045ea0,80045be8
80045f50,80045c98
800461f4,80045f3c
8004654c,80046294
800467a8,800464f0
80046924,8004666c
80046980,800466c8
800469d4,8004671c
80046a20,80046768
80046c14,8004695c
80046c48,80046990
80047074,80046de8
800471e4,80046f58
8004722c,80046fa0
800472a8,8004701c
800472dc,80047050
8004733c,800470b0
800473cc,80047140
8004745c,800471d0
80047504,80047278
80047534,800472a8
800475a0,80047314
800475c8,8004733c
80047658,800473cc
8004767c,800473f0
8004770c,80047480
800478c8,8004763c
80047940,800476b4
80047a14,80047788
80047af0,80047864
80047b78,800478ec
80047cf4,80047a68
80047d5c,80047ad0
80047df4,80047b68
80047e40,80047bb4
80047edc,80047c50
80047efc,80047c70
80047f50,80047cc4
8004803c,80047db0
80048150,80047ec4
800481c4,80047f38
80048238,80047fac
800482c8,8004803c
8004853c,800482b0
800488e4,80048658
800489f4,80048768
80048bac,80048920
80048cb4,80048a28
80048e98,80048c0c
80048efc,80048c70
80048f94,80048d08
800491a0,80048f14
8004929c,80049010
800493c4,80049138
8004948c,80049200
800494bc,80049230
80049564,800492d8
80049594,80049308
80049620,80049394
80049684,800493f8
800496c0,80049434
80049780,800494f4
800497d0,80049544
80049830,800495a4
8004988c,80049600
800498cc,80049640
80049920,80049694
80049950,800496c4
800499e8,8004975c
80049a6c,800497e0
80049b48,800498bc
80049b84,800498f8
80049bac,80049920
80049cf0,80049a64
80049d80,80049af4
80049e38,80049bac
80049ecc,80049c40
80049f3c,80049cb0
80049f84,80049cf8
8004a064,80049dd8
8004a154,80049ec8
8004a19c,80049f10
8004a1dc,80049f50
8004a240,80049fb4
8004a388,8004a0fc
8004a508,8004a27c
8004a584,8004a2f8
8004a648,8004a3bc
8004a6c8,8004a43c
8004a7a4,8004a518
8004a984,8004a6f8
8004a9f0,8004a764
8004aa4c,8004a7c0
8004aae0,8004a854
8004ab70,8004a8e4
8004abcc,8004a940
8004ad88,8004aafc
8004af70,8004ace4
8004b074,8004ade8
8004b600,8004b374
8004b728,8004b49c
8004b974,8004b6e8
8004b998,8004b70c
8004b9c0,8004b734
8004bae0,8004b854
8004bb9c,8004b910
8004bc1c,8004b990
8004bc6c,8004b9e0
8004bd2c,8004baa0
8004bd70,8004bae4
8004bdc0,8004bb34
8004be48,8004bbbc
8004beb8,8004bc2c
8004bf34,8004bca8
8004bf74,8004bce8
8004c114,8004be88
8004c338,8004c0ac
8004c3a0,8004c114
8004c6ac,8004c420
8004c7ec,8004c560
8004c854,8004c5c8
8004ca08,8004c77c
8004cad8,8004c84c
8004cb54,8004c8c8
8004ccec,8004ca60
8004cd48,8004cabc
8004cd98,8006151c
8004d05c,80061a84
8004d3b4,8005b260
8004d4c0,8005b36c
8004d62c,8005b4d8
8004d750,8005b5fc
8004d774,8005b620
8004d7a0,8005d994
8004d9b0,8005dba4
8004e614,8005e808
8004ea00,8005ebf4
8004ee7c,8005f070
8004efc4,8005f1b8
8004f088,8005f27c
8004f1c4,8005f3b8
8004f370,8005f564
8004f394,8005f588
8004f3d4,8005f5c8
8004f520,8005f714
8004f5bc,8005f7b0
8004f634,8005f828
8004f728,8005f91c
8004f8f0,8005fae4
8004f93c,8005fb30
8004f9d0,8005fbc4
80050170,8005bfc8
8005051c,8005c388
800505f8,8005c464
80050684,8005c4f0
800506c4,8005c530
800506fc,8005c568
80050768,8005c5d4
800507c0,8005c62c
80050e08,800610e0
80050ef8,800611d0
80050fe8,8004cb0c
80051a9c,8004d58c
80051c6c,8004d75c
80051e24,8004d914
80052024,8004db14
80052148,8004dc38
80052334,8004de24
80052cc0,8004e7b0
80052eb0,8004e9a0
80053010,8004eb00
8005433c,8004fe2c
80054a94,80050584
80054ce0,800507d0
80055434,80050f24
8005557c,8005106c
80055860,80051350
80055f58,80051a48
80056a38,80052528
80056dd0,800528ac
80057250,80052d2c
800575e8,800530c4
8005776c,80053248
800578fc,800533d8
800579dc,800534b8
80059c1c,800556e8
80059f08,800559d4
8005a650,8005611c
8005a784,80056250
8005aa38,80056504
8005ad5c,80056828
8005ba7c,80057544
8005c034,80057af4
8005c360,80057e20
8005c478,80057f38
8005c614,800580d4
8005c988,80058434
8005cb78,80058624
8005cd8c,80058838
8005ce8c,80058938
8005d29c,80058dd8
8005d2e0,80058e1c
8005d358,80058e94
8005d384,80058ec0
8005d3e4,80058f20
8005d438,80058f74
8005d474,80058fb0
8005d4c4,80059000
8005d5a0,800590dc
8005d5f8,80059134
8005d684,800591c0
8005d6f0,8005922c
8005d748,80059284
8005d770,800592ac
8005d894,800593d0
8005d960,8005949c
8005d984,800594c0
8005d9e4,80059520
8005da54,80059590
8005da8c,800595c8
8005db60,8005969c
8005dbc4,80059700
8005dc8c,800597c8
8005dd50,8005988c
8005dda8,800598e4
8005ddcc,80059908
8005dec0,800599fc
8005df14,80059a50
8005df6c,80059aa8
8005dfbc,80059af8
8005e054,80059b90
8005e0e8,80059c24
8005e160,80059c9c
8005e1a8,80059ce4
8005e29c,80059dd8
8005e380,80059ebc
8005e3dc,80059f18
8005e538,8005a074
8005e5a0,8005a0dc
8005e5f4,8005a130
8005e64c,8005a188
8005e6b8,8005a1f4
8005e7a4,8005a2e0
8005e894,8005a3d0
8005e92c,8005a468
8005e988,8005a4c4
8005ea00,8005a53c
8005eadc,8005a618
8005eb6c,8005a6a8
8005ed3c,8005a878
8005ed88,8005a8c4
8005f060,8005c7bc
8005f794,8005cef0
8005fc1c,8005d378
80060bdc,800612c0
80060e38,800617e0
800610dc,80061ddc
80061358,80062058
8006163c,8006233c
80061900,80062600
80061c78,80062978
80061ec0,80062bc0
80062170,80062e70
80062400,80063100
80062744,80063444
800629ac,800636ac
80062c7c,8006397c
80062f2c,80063c2c
80063290,80063f90
80063548,80064248
80063868,80064568
80063b68,80064868
80063f1c,80064c1c
800641f4,80064ef4
80064534,80065234
80064854,80065554
80064c28,80065928
80064ecc,80065bcc
800651d8,80065ed8
800654c4,800661c4
80065864,80066564
80065b28,80066828
80065e54,80066b54
80066160,80066e60
80066520,80067220
80066654,80067354
8006689c,8006759c
80066b58,80067858
80066dbc,80067abc
80067094,80067d94
800672d0,80067fd0
8006755c,8006825c
800677b4,800684b4
80067a5c,8006875c
80067d00,80068a00
80068018,80068d18
800682d8,80068fd8
8006860c,8006930c
800688a4,800695a4
80068b8c,8006988c
80068e40,80069b40
80069144,8005a98c
80069358,8005aba0
80069620,8005ae68
8006980c,8005b054
8006986c,8005b0b4
80069a18,8005fc1c
80069c40,8005fe44
80069f6c,80060170
80069fcc,800601d0
8006b14c,8005b64c
8006c0cc,8006bca4
8006c548,8006c120
8006c734,8006c30c
8006c758,8006c330
8006c7a4,8006c37c
8006d1a0,8006cd78
8006f5dc,8006f1b4
800709b4,8007058c
800709d4,800705ac
80070a00,800705d8
80070a78,80070650
80070b38,80070710
80070b60,80070738
80070bec,800707c4
80070c98,80070870
80070cec,800708c4
80070d48,80070920
80070db0,80070988
80070de8,800709c0
80070e68,80070a40
80070ee8,80070ac0
80070f64,80070b3c
80070fe0,80070bb8
80071088,80070c60
800711e8,80070e20
8007127c,80070eb4
800712e4,80070f1c
80071558,80071194
8007160c,80071248
80071678,800712b4
800716e4,80071320
8007177c,800713b8
800717e8,80071424
80071824,80071460
80071860,8007149c
80071910,8007154c
80071988,800715c4
80071a10,8007164c
80071ac4,80071700
80071ce8,80071924
80071f28,80071b64
80072074,80071cb0
8007227c,80071eb8
8007238c,80071fc8
80072510,8007214c
80072690,800722cc
80072860,8007249c
80072988,800725c4
80072a04,80072640
80072ab8,800726f4
80072b84,800727c0
80072e0c,80072a48
80073184,80072dc0
800732f0,80072f8c
800733b4,80073050
800733f0,8007308c
80073584,80073220
80073604,800732a0
80073674,80073310
800736e4,80073380
8007370c,800733a8
80073784,80073420
800737e4,80073480
80073840,800734dc
80073904,800735a0
80073940,800735dc
80073988,80073624
800739f0,8007368c
80073a48,80073704
80073a78,80073734
80073a9c,80073758
