address,address2
8002cac4,8002cce4
800328a0,80032b38
80033268,80033500
80039120,80039aac
8003959c,80039f1c
80042278,80042b98
8004733c,80047c50
8004b1d0,8004bae4
8005bc08,80058dd8
800155a4,800156b8
8001756c,800176d0
80017618,8001778c
8002ca88,8002cca8
80037144,8003798c
80037b54,80038498
80037ba0,800384e4
80039678,80039ff8
8003fb04,80040424
8003fb48,80040468
80042040,80042960
800420b8,800429d8
8004835c,80048c70
80048fe4,800498f8
8004939c,80049cb0
8005bff0,800591c0
8005c8d8,80059aa8
80071f90,80073380
8007a854,8007bc48
8007e0b4,8007f4c4
8007e1c4,8007f5d4
8007e2bc,8007f6cc
8007e7a8,8007fbb8
8007e8b0,8007fcc0
8008bc64,8008d074
8005d290,8005a468
800887bc,80089bcc
80168160,80180390
8007f6dc,80080aec
80016ef8,8001700c
80046d28,8004763c
80048db0,800496c4
80049fd0,8004a8e4
8004c14c,8004ca60
8005c350,80059520
8004d394,8005b5fc
8004d3b8,8005b620
8007ff5c,8008136c
80080e18,80082228
80048cec,80049600
80024530,80024704
8002c2a8,8002c4dc
8002c398,8002c5cc
8002e154,8002e370
8002ec34,8002ee5c
80035300,80035598
8003742c,80037c74
8003c84c,8003d288
8003f70c,8004002c
8003f74c,8004006c
800452d4,80045be8
800496a0,80049fb4
8013a004,8013a004
80015028,8001513c
800216dc,80021894
8002a440,8002a660
8002fd7c,8002ffd4
800359fc,80035ca8
80039fb8,8003a920
8005b8ac,80058a7c
8007964c,8007a9ac
8007f570,80080980
80039818,8003a198
80036264,80036bcc
800328c8,80032b60
8003293c,80032bd4
800421b8,80042ad8
800421e8,80042b08
8004c1a8,8004cabc
80080938,80081d48
8004038c,80040cac
8004136c,80041c8c
80046da0,800476b4
8004cff8,8005b260
8007e6e0,8007faf0
8005d6a0,8005a878
80180390,80180dd0
80024418,800245ec
80042220,80042b40
8004b18c,8004baa0
800199a8,80019b2c
8001b718,8001b8b8
80043c30,80044544
80068800,80069e44
80068950,80069f94
80068dac,8006a3f0
80068efc,8006a540
8007b91c,8007cd24
8007b964,8007cd6c
80049150,80049a64
80049aa8,8004a3bc
8005dd08,80060170
800815d0,800829e0
8003ac60,8003b5c8
8004bf38,8004c84c
80049f40,8004a854
80068aa4,8006a0e8
80068c24,8006a268
80069050,8006a694
800691d0,8006a814
80016f64,800170c8
8003c47c,8003ceb8
8007f590,800809a0
8007f628,80080a38
800403f4,80040d14
8008bb64,8008cf74
80069358,8006a99c
80069644,8006ac88
8001d18c,8001d344
8005b768,80058938
80017cb8,80017e3c
80044b70,80045484
8005d1f8,8005a3d0
800694b8,8006aafc
800697a4,8006ade8
80035408,800356a0
800354b0,80035748
80035550,800357e8
800368cc,80037110
80031d84,8003201c
80018068,800181ec
800320d8,80032370
80180dd0,80168160
8002c960,8002cb80
800497e8,8004a0fc
8005be30,80059000
8007b654,8007ca5c
80065bdc,80067220
80066750,80067d94
80066c18,8006825c
8007e324,8007f734
80016cc8,80016ddc
8005ac50,80057e20
80065d10,80067354
80066214,80067858
8006698c,80067fd0
80066e70,800684b4
80061334,80062978
8006157c,80062bc0
80061e00,80063444
80062068,800636ac
800150c4,800151d8
8003b238,8003bc40
80060298,800612c0
8004fdec,8006151c
80060798,80061ddc
80060a14,80062058
80065f58,8006759c
80066478,80067abc
8005c3f8,800595c8
8006182c,80062e70
80062338,8006397c
80051058,8004d75c
800604f4,800617e0
80060cf8,8006233c
80067cc8,8006930c
80068248,8006988c
8005dfcc,8005aba0
80061abc,80063100
800625e8,80063c2c
80067118,8006875c
800676d4,80068d18
80067f60,800695a4
800684fc,80069b40
80045bdc,800464f0
800642e4,80065928
80064588,80065bcc
80064f20,80066564
800651e4,80066828
8008b8d8,8008cce8
800500b0,80061a84
80060fbc,80062600
80051210,8004d914
8006294c,80063f90
80062c04,80064248
800635d8,80064c1c
800638b0,80064ef4
800673bc,80068a00
80067994,80068fd8
8004bcb4,8004c5c8
80064894,80065ed8
80065510,80066b54
80062f24,80064568
80063bf0,80065234
8007b1e8,8007c5f0
80064b80,800661c4
8006581c,80066e60
80050e88,8004d58c
80063224,80064868
80063f10,80065554
80051534,8004dc38
8005ddb8,8005a98c
8007b3cc,8007c7d4
80050a30,8004d134
800135c0,800136d4
8001b5e0,8001b780
80029c90,80029eb0
80036648,80036d3c
8003667c,80036d70
800377fc,800380d4
80037838,80038110
80037a30,80038334
80038080,800389c4
800387f8,80039140
8003faf0,80040410
8003fbf0,80040510
80041ebc,800427dc
800420e0,80042a00
80042108,80042a28
80042130,80042a50
80042858,80043178
8004b558,8004be6c
8004f614,8005fbc4
8006af0c,8006c2fc
8006af1c,8006c30c
8006af40,8006c330
80076e90,800781f0
8007f6c0,80080ad0
80088810,80089c20
80088860,80089c70
800888b0,80089cc0
800888e0,80089cf0
801680f4,801680f4
8018001c,8018001c
80181e30,80181e30
80181f68,80181f68
801821dc,801821dc
8002f7d0,8002fa28
8005c0b4,80059284
80038204,80038b4c
80029354,80029574
80037f54,80038898
8005c3c0,80059590
8005bde0,80058fb0
8005bf64,80059134
8007b8fc,8007cd04
8007ca28,8007e860
8007d450,8007e880
80072058,80073448
80072074,80073464
800443e8,80044cfc
80048cd8,800495ec
8007ff40,80081350
8004ebf4,8005f1a4
8007aae4,8007beec
80015ac4,80015bd8
8002f6d8,8002f930
8002f6f4,8002f94c
800443f8,80044d0c
8004440c,80044d20
80044420,80044d34
800446d0,80044fe4
8004880c,80049120
8007f75c,80080b6c
80044728,8004503c
800487dc,800490f0
800487f4,80049108
8004448c,80044da0
8002fe38,80030090
8002fe54,800300ac
8004add4,8004b6e8
8004adf8,8004b70c
8005bc98,80058e3c
8007ffe4,800813f4
8007f018,80080428
80024bf4,80024dc8
8007ff9c,800813ac
8007e854,8007fc64
80048b20,80049434
8002b880,8002baa0
8005c02c,800591fc
8005c044,80059214
8005c050,80059220
80048c80,80049594
80048cc8,800495dc
80072068,80073458
80072084,80073474
8007e1b4,8007f5c4
80088800,80089c10
80016664,80016778
80044b38,8004544c
80040afc,8004141c
80040b14,80041434
8003ad64,8003b734
8007aab4,8007bebc
8007aac0,8007bec8
8007aacc,8007bed4
8007aad8,8007bee0
8007aafc,8007bf04
8007ab0c,8007bf14
8007ab1c,8007bf24
8007ab28,8007bf30
8007ab38,8007bf40
8007ab48,8007bf50
8008a1b4,8008b5c4
8008a440,8008b850
80084eb0,800862c0
